variable,count,mean,std,min,25%,50%,75%,max,original
dummy1,1000.0,-0.0004896109859304701,0.011234146300792822,-0.0344159508271579,-0.008244243712214775,-0.00050716122584315,0.00718094172291965,0.0324982069752867,-0.0009569770042303
dummy2,1000.0,-0.0006244589004106952,0.010399813165942394,-0.0361156851110933,-0.008344038395379,-0.0007881716017174,0.006885124519396575,0.0307969921695956,-0.0132396439182107
x1,1000.0,0.0065993798497900645,2.8791275516677675,-7.4656435173414275,-2.0482028182087118,0.0441070659796156,1.8678295578482844,28.20161855454581,28.20161855454581
x2,1000.0,-0.012803502704420695,8.291281761482521,-24.331325394786383,-5.442041666715754,-0.2441019957170671,5.338246072281377,75.04940757121204,75.04940757121204
x3,1000.0,0.0325562735096121,1.856379407542387,-6.496587110709943,-1.2254175895674748,0.02540834177585665,1.1215940309939791,17.751657495011425,17.751657495011425
